RESET MASTER;
SET GLOBAL wsrep_on=OFF;
RESET MASTER;
SET GLOBAL wsrep_on=ON;
SET GLOBAL wsrep_on=OFF;
RESET MASTER;
SET GLOBAL wsrep_on=ON;
START SLAVE USER='root';
Warnings:
Note	1759	Sending passwords in plain text without SSL/TLS is extremely insecure.
CREATE SCHEMA test1;
CREATE SCHEMA test2;
USE test1;
CREATE TABLE t1 (f1 INTEGER PRIMARY KEY,f2 CHAR(5) DEFAULT 'abc') ENGINE=InnoDB;
USE test2;
CREATE TABLE t1 (f1 INTEGER PRIMARY KEY,f2 CHAR(5) DEFAULT 'abc') ENGINE=InnoDB;
INSERT INTO test1.t1 (f1) VALUES (1);
INSERT INTO test2.t1 (f1) VALUES (1);
INSERT INTO test1.t1 (f1) VALUES (2);
INSERT INTO test2.t1 (f1) VALUES (2);
INSERT INTO test1.t1 (f1) VALUES (3);
INSERT INTO test2.t1 (f1) VALUES (3);
UPDATE test2.t1 SET test2.t1.f2 = 'cde';
UPDATE test1.t1, test2.t1 SET test1.t1.f2 = 'klm', test2.t1.f2 = 'xyz';
DELETE test1.t1, test2.t1 FROM test1.t1 INNER JOIN test2.t1 WHERE test1.t1.f1 = test2.t1.f1 AND test1.t1.f1 = 3;
SET AUTOCOMMIT=OFF;
START TRANSACTION;
INSERT INTO test2.t1 (f1) VALUES (999);
INSERT INTO test2.t1 (f1) VALUES (9999);
COMMIT;
START TRANSACTION;
INSERT INTO test1.t1 (f1) VALUES (111);
INSERT INTO test1.t1 (f1) VALUES (222);
COMMIT;
START TRANSACTION;
INSERT INTO test1.t1 (f1) VALUES (333);
INSERT INTO test2.t1 (f1) VALUES (99999);
COMMIT;
SHOW BINLOG EVENTS IN 'mysqld-bin.000001' FROM 123;
Log_name	Pos	Event_type	Server_id	End_log_pos	Info
mysqld-bin.000001	123	Previous_gtids	2	154	
mysqld-bin.000001	154	Gtid	1	219	SET @@SESSION.GTID_NEXT= '<effective_uuid>:1'
mysqld-bin.000001	219	Query	1	314	CREATE SCHEMA test1
mysqld-bin.000001	314	Gtid	1	379	SET @@SESSION.GTID_NEXT= '<effective_uuid>:2'
mysqld-bin.000001	379	Query	1	452	BEGIN
mysqld-bin.000001	452	Query	1	526	COMMIT
mysqld-bin.000001	526	Gtid	1	591	SET @@SESSION.GTID_NEXT= '<effective_uuid>:3'
mysqld-bin.000001	591	Query	1	746	use `test1`; CREATE TABLE t1 (f1 INTEGER PRIMARY KEY,f2 CHAR(5) DEFAULT 'abc') ENGINE=InnoDB
mysqld-bin.000001	746	Gtid	1	811	SET @@SESSION.GTID_NEXT= '<effective_uuid>:4'
mysqld-bin.000001	811	Query	1	884	BEGIN
mysqld-bin.000001	884	Query	1	958	COMMIT
mysqld-bin.000001	958	Gtid	1	1023	SET @@SESSION.GTID_NEXT= '<effective_uuid>:5'
mysqld-bin.000001	1023	Query	1	1086	BEGIN
mysqld-bin.000001	1086	Table_map	1	1135	table_id: ### (test1.t1)
mysqld-bin.000001	1135	Write_rows	1	1179	table_id: ### flags: STMT_END_F
mysqld-bin.000001	1179	Xid	1	1210	COMMIT /* xid=### */
mysqld-bin.000001	1210	Gtid	1	1275	SET @@SESSION.GTID_NEXT= '<effective_uuid>:6'
mysqld-bin.000001	1275	Query	1	1338	BEGIN
mysqld-bin.000001	1338	Query	1	1402	COMMIT
mysqld-bin.000001	1402	Gtid	1	1467	SET @@SESSION.GTID_NEXT= '<effective_uuid>:7'
mysqld-bin.000001	1467	Query	1	1530	BEGIN
mysqld-bin.000001	1530	Table_map	1	1579	table_id: ### (test1.t1)
mysqld-bin.000001	1579	Write_rows	1	1623	table_id: ### flags: STMT_END_F
mysqld-bin.000001	1623	Xid	1	1654	COMMIT /* xid=### */
mysqld-bin.000001	1654	Gtid	1	1719	SET @@SESSION.GTID_NEXT= '<effective_uuid>:8'
mysqld-bin.000001	1719	Query	1	1782	BEGIN
mysqld-bin.000001	1782	Query	1	1846	COMMIT
mysqld-bin.000001	1846	Gtid	1	1911	SET @@SESSION.GTID_NEXT= '<effective_uuid>:9'
mysqld-bin.000001	1911	Query	1	1974	BEGIN
mysqld-bin.000001	1974	Table_map	1	2023	table_id: ### (test1.t1)
mysqld-bin.000001	2023	Write_rows	1	2067	table_id: ### flags: STMT_END_F
mysqld-bin.000001	2067	Xid	1	2098	COMMIT /* xid=### */
mysqld-bin.000001	2098	Gtid	1	2163	SET @@SESSION.GTID_NEXT= '<effective_uuid>:10'
mysqld-bin.000001	2163	Query	1	2226	BEGIN
mysqld-bin.000001	2226	Query	1	2290	COMMIT
mysqld-bin.000001	2290	Gtid	1	2355	SET @@SESSION.GTID_NEXT= '<effective_uuid>:11'
mysqld-bin.000001	2355	Query	1	2418	BEGIN
mysqld-bin.000001	2418	Query	1	2482	COMMIT
mysqld-bin.000001	2482	Gtid	1	2547	SET @@SESSION.GTID_NEXT= '<effective_uuid>:12'
mysqld-bin.000001	2547	Query	1	2610	BEGIN
mysqld-bin.000001	2610	Table_map	1	2659	table_id: ### (test1.t1)
mysqld-bin.000001	2659	Update_rows	1	2749	table_id: ### flags: STMT_END_F
mysqld-bin.000001	2749	Xid	1	2780	COMMIT /* xid=### */
mysqld-bin.000001	2780	Gtid	1	2845	SET @@SESSION.GTID_NEXT= '<effective_uuid>:13'
mysqld-bin.000001	2845	Query	1	2908	BEGIN
mysqld-bin.000001	2908	Table_map	1	2957	table_id: ### (test1.t1)
mysqld-bin.000001	2957	Delete_rows	1	3001	table_id: ### flags: STMT_END_F
mysqld-bin.000001	3001	Xid	1	3032	COMMIT /* xid=### */
mysqld-bin.000001	3032	Gtid	1	3097	SET @@SESSION.GTID_NEXT= '<effective_uuid>:14'
mysqld-bin.000001	3097	Query	1	3160	BEGIN
mysqld-bin.000001	3160	Query	1	3224	COMMIT
mysqld-bin.000001	3224	Gtid	1	3289	SET @@SESSION.GTID_NEXT= '<effective_uuid>:15'
mysqld-bin.000001	3289	Query	1	3352	BEGIN
mysqld-bin.000001	3352	Table_map	1	3401	table_id: ### (test1.t1)
mysqld-bin.000001	3401	Write_rows	1	3445	table_id: ### flags: STMT_END_F
mysqld-bin.000001	3445	Table_map	1	3494	table_id: ### (test1.t1)
mysqld-bin.000001	3494	Write_rows	1	3538	table_id: ### flags: STMT_END_F
mysqld-bin.000001	3538	Xid	1	3569	COMMIT /* xid=### */
mysqld-bin.000001	3569	Gtid	1	3634	SET @@SESSION.GTID_NEXT= '<effective_uuid>:16'
mysqld-bin.000001	3634	Query	1	3697	BEGIN
mysqld-bin.000001	3697	Table_map	1	3746	table_id: ### (test1.t1)
mysqld-bin.000001	3746	Write_rows	1	3790	table_id: ### flags: STMT_END_F
mysqld-bin.000001	3790	Xid	1	3821	COMMIT /* xid=### */
gtid_executed_equal
1
SHOW BINLOG EVENTS IN 'mysqld-bin.000001' FROM 123;
Log_name	Pos	Event_type	Server_id	End_log_pos	Info
mysqld-bin.000001	123	Previous_gtids	3	154	
mysqld-bin.000001	154	Gtid	1	219	SET @@SESSION.GTID_NEXT= '<effective_uuid>:1'
mysqld-bin.000001	219	Query	1	314	CREATE SCHEMA test1
mysqld-bin.000001	314	Gtid	1	379	SET @@SESSION.GTID_NEXT= '<effective_uuid>:2'
mysqld-bin.000001	379	Query	1	452	BEGIN
mysqld-bin.000001	452	Query	1	526	COMMIT
mysqld-bin.000001	526	Gtid	1	591	SET @@SESSION.GTID_NEXT= '<effective_uuid>:3'
mysqld-bin.000001	591	Query	1	746	use `test1`; CREATE TABLE t1 (f1 INTEGER PRIMARY KEY,f2 CHAR(5) DEFAULT 'abc') ENGINE=InnoDB
mysqld-bin.000001	746	Gtid	1	811	SET @@SESSION.GTID_NEXT= '<effective_uuid>:4'
mysqld-bin.000001	811	Query	1	884	BEGIN
mysqld-bin.000001	884	Query	1	958	COMMIT
mysqld-bin.000001	958	Gtid	1	1023	SET @@SESSION.GTID_NEXT= '<effective_uuid>:5'
mysqld-bin.000001	1023	Query	1	1086	BEGIN
mysqld-bin.000001	1086	Table_map	1	1135	table_id: ### (test1.t1)
mysqld-bin.000001	1135	Write_rows	1	1179	table_id: ### flags: STMT_END_F
mysqld-bin.000001	1179	Xid	1	1210	COMMIT /* xid=### */
mysqld-bin.000001	1210	Gtid	1	1275	SET @@SESSION.GTID_NEXT= '<effective_uuid>:6'
mysqld-bin.000001	1275	Query	1	1338	BEGIN
mysqld-bin.000001	1338	Query	1	1402	COMMIT
mysqld-bin.000001	1402	Gtid	1	1467	SET @@SESSION.GTID_NEXT= '<effective_uuid>:7'
mysqld-bin.000001	1467	Query	1	1530	BEGIN
mysqld-bin.000001	1530	Table_map	1	1579	table_id: ### (test1.t1)
mysqld-bin.000001	1579	Write_rows	1	1623	table_id: ### flags: STMT_END_F
mysqld-bin.000001	1623	Xid	1	1654	COMMIT /* xid=### */
mysqld-bin.000001	1654	Gtid	1	1719	SET @@SESSION.GTID_NEXT= '<effective_uuid>:8'
mysqld-bin.000001	1719	Query	1	1782	BEGIN
mysqld-bin.000001	1782	Query	1	1846	COMMIT
mysqld-bin.000001	1846	Gtid	1	1911	SET @@SESSION.GTID_NEXT= '<effective_uuid>:9'
mysqld-bin.000001	1911	Query	1	1974	BEGIN
mysqld-bin.000001	1974	Table_map	1	2023	table_id: ### (test1.t1)
mysqld-bin.000001	2023	Write_rows	1	2067	table_id: ### flags: STMT_END_F
mysqld-bin.000001	2067	Xid	1	2098	COMMIT /* xid=### */
mysqld-bin.000001	2098	Gtid	1	2163	SET @@SESSION.GTID_NEXT= '<effective_uuid>:10'
mysqld-bin.000001	2163	Query	1	2226	BEGIN
mysqld-bin.000001	2226	Query	1	2290	COMMIT
mysqld-bin.000001	2290	Gtid	1	2355	SET @@SESSION.GTID_NEXT= '<effective_uuid>:11'
mysqld-bin.000001	2355	Query	1	2418	BEGIN
mysqld-bin.000001	2418	Query	1	2482	COMMIT
mysqld-bin.000001	2482	Gtid	1	2547	SET @@SESSION.GTID_NEXT= '<effective_uuid>:12'
mysqld-bin.000001	2547	Query	1	2610	BEGIN
mysqld-bin.000001	2610	Table_map	1	2659	table_id: ### (test1.t1)
mysqld-bin.000001	2659	Update_rows	1	2749	table_id: ### flags: STMT_END_F
mysqld-bin.000001	2749	Xid	1	2780	COMMIT /* xid=### */
mysqld-bin.000001	2780	Gtid	1	2845	SET @@SESSION.GTID_NEXT= '<effective_uuid>:13'
mysqld-bin.000001	2845	Query	1	2908	BEGIN
mysqld-bin.000001	2908	Table_map	1	2957	table_id: ### (test1.t1)
mysqld-bin.000001	2957	Delete_rows	1	3001	table_id: ### flags: STMT_END_F
mysqld-bin.000001	3001	Xid	1	3032	COMMIT /* xid=### */
mysqld-bin.000001	3032	Gtid	1	3097	SET @@SESSION.GTID_NEXT= '<effective_uuid>:14'
mysqld-bin.000001	3097	Query	1	3160	BEGIN
mysqld-bin.000001	3160	Query	1	3224	COMMIT
mysqld-bin.000001	3224	Gtid	1	3289	SET @@SESSION.GTID_NEXT= '<effective_uuid>:15'
mysqld-bin.000001	3289	Query	1	3352	BEGIN
mysqld-bin.000001	3352	Table_map	1	3401	table_id: ### (test1.t1)
mysqld-bin.000001	3401	Write_rows	1	3445	table_id: ### flags: STMT_END_F
mysqld-bin.000001	3445	Table_map	1	3494	table_id: ### (test1.t1)
mysqld-bin.000001	3494	Write_rows	1	3538	table_id: ### flags: STMT_END_F
mysqld-bin.000001	3538	Xid	1	3569	COMMIT /* xid=### */
mysqld-bin.000001	3569	Gtid	1	3634	SET @@SESSION.GTID_NEXT= '<effective_uuid>:16'
mysqld-bin.000001	3634	Query	1	3697	BEGIN
mysqld-bin.000001	3697	Table_map	1	3746	table_id: ### (test1.t1)
mysqld-bin.000001	3746	Write_rows	1	3790	table_id: ### flags: STMT_END_F
mysqld-bin.000001	3790	Xid	1	3821	COMMIT /* xid=### */
include/diff_servers.inc [servers=2 3]
SELECT COUNT(*) = 2 FROM test1.t1 WHERE f1 IN (1,2);
COUNT(*) = 2
1
SELECT COUNT(*) = 3 FROM test1.t1 WHERE f1 IN (111,222,333);
COUNT(*) = 3
1
SELECT COUNT(*) = 2 FROM test1.t1 WHERE f2 = 'klm';
COUNT(*) = 2
1
USE test2;
ERROR 42000: Unknown database 'test2'
DROP SCHEMA test1;
DROP SCHEMA test2;
STOP SLAVE;
RESET SLAVE ALL;
