create table t1 (i int primary key, j int) engine=innodb;
create table t2 (i int primary key, j int) engine=innodb;
insert into t1 values (1,0);
insert into t2 values (2,0);
set autocommit=off;
start transaction;
update t1 set j=1 where i=1;
set autocommit=off;
start transaction;
begin;
update t2 set j=1 where i=2;
insert into t1 select * from t2;;
insert into t2 select * from t1;
ERROR 40001: Deadlock found when trying to get lock; try restarting transaction
DROP TABLE t1, t2;
