CREATE TABLE t1 (f1 INTEGER) ENGINE=InnoDB;
INSERT INTO t1 values (1);
CREATE TABLE t2 ENGINE=InnoDB AS SELECT * from t1;
DROP TABLE t2;
TRUNCATE t1;
CREATE TABLE t2 ENGINE=InnoDB AS SELECT * from t1;
DROP TABLE t1;
DROP TABLE t2;
